YYYYMM,Agric,Food ,Soda ,Beer ,Smoke,Toys ,Fun  ,Books,Hshld,Clths,Hlth ,MedEq,Drugs,Chems,Rubbr,Txtls,BldMt,Cnstr,Steel,FabPr,Mach ,ElcEq,Autos,Aero ,Ships,Guns ,Gold ,Mines,Coal ,Oil  ,Util ,Telcm,PerSv,BusSv,Comps,Chips,LabEq,Paper,Boxes,Trans,Whlsl,Rtail,Meals,Banks,Insur,RlEst,Fin  ,Other
201001,-6.64,0.6,-2.42,-3.7,-3.35,-2.32,2.34,3.55,0.85,-3.11,-3.92,-0.33,0.36,-4.04,-7.42,-8.66,-2.11,-0.68,-11.92,-6.21,-6.65,-4.18,0.51,0.81,-9.1,-1.51,-10.86,-16.25,-7.41,-4.64,-4.5,-6.84,-3.21,-7.28,-7.27,-9.01,-5.52,-4.91,-8.64,-4.04,-2.55,-1.92,-0.98,0.44,0.73,-5.02,-7.99,3.54
201002,-6.6,3.26,13.7,0.25,4.43,14.52,3.15,-3.01,3.69,6.07,2.34,2.18,-0.16,5.45,6.55,15.68,4.08,1.03,4.2,7.32,7.97,10.13,6.69,3.88,5.18,5.36,14.32,12.74,10.82,2.13,-0.43,2.92,1.49,2.92,7.1,5.11,7.58,2.18,7.9,7.25,5.89,4.32,4.5,1.81,3.51,7.32,3.91,1.06
201003,2.04,4.46,8.2,6.11,6.12,6.57,14.13,5.47,2.13,11.39,7.03,4.44,3.17,7.36,4.68,8.42,8.35,6.38,12.04,5.27,6.52,7.02,8.93,10.92,17.77,6.09,3.83,10.76,2.15,3.21,3.1,7.88,6.79,5.15,8.64,7.6,7.56,5.82,6.06,8.11,5.99,6.14,8.27,8.46,8.1,14.73,6.96,9.82
201004,-10.17,0.18,-1.73,-1.76,-2.51,-0.9,15.13,2.31,1.21,4.23,2.57,0.35,-3.19,3.09,8.61,11.43,11.53,9.82,-2.63,3.75,6.08,4.31,4.82,2.19,22.09,1.61,10.79,-3.78,-2.21,3.81,2.86,3.82,2.55,0.38,5.36,1.56,6.76,4.66,1.84,3.82,3.2,1.85,7.31,3.05,-1.67,6.05,-1.45,3.81
201005,-18.19,-3.86,-0.22,-3.88,-7.69,-5.69,-7.47,-10.35,-4.35,-5.67,-3.61,-8.46,-8.25,-9.99,-4.89,-9.87,-10.53,-11.22,-7.01,-7.38,-9.95,-9.63,-10.02,-9.57,-11.33,-6.34,-5.15,-5.82,-14.85,-10.56,-6.31,-5.91,-7.43,-8.36,-6.72,-7.48,-7.35,-8.97,-8.49,-5.98,-4.01,-5.83,-4.76,-11,-5.88,-11.24,-8.15,-10.95
201006,-8.54,-1.19,-0.72,-1.63,3.32,-4.06,-10.26,-7.86,-3.24,-9.31,-7.41,-3.44,-0.7,-7.79,-8.81,-14.55,-11.89,-13.31,-13.18,-5.97,-5.5,-7.04,-9.6,-5.65,-17.08,-6.91,13.4,-12.66,-9.48,-6.31,-0.72,-4.33,-12.51,-6.54,-5.04,-7.32,-5.49,-2.62,-0.53,-7.66,-5.2,-10.56,-5.21,-7.69,-4.56,-12.9,-10.15,-7.57
201007,18.72,2.87,6.64,8.37,10.74,2.18,9.58,5.54,4.22,8.34,-5.5,0.32,3.12,14.24,7.97,6.81,8.52,6.99,8.28,8.33,13.96,11.78,16.32,10.29,12.5,1.4,-8.88,16.97,14.17,7.51,6.79,9.74,7.68,8.24,6.91,7.78,0.7,7.66,7.51,10.84,3.2,4.65,6.9,5.96,5.84,16.62,9.57,8.93
201008,-9.23,1,-0.42,-0.01,0.03,-2.27,-1.06,-10.53,-3.96,-7.41,-4.54,-8.11,-0.04,-0.11,-2.31,-5.5,-5.26,-7.29,-8.74,-10.8,-8.09,-6.46,-10.48,-8.12,-9.61,-6.48,11.39,-2.05,-5.88,-3.28,0.41,-2.23,-19.67,-4.55,-8.42,-8.29,-6.15,-6.41,-4.14,-4.65,-7.55,-4.18,0.46,-10.25,-4.43,-5.97,-8.28,-7.57
201009,-5.73,2.35,4.11,4.95,9.74,10.77,15.11,14.05,3.98,17.54,12.52,11.79,8.21,9.97,9.78,13.39,10.51,9.94,12.1,12.98,15.86,13.76,14.06,10.09,19.27,3.92,4.68,14.24,13.55,9.5,3.64,7.86,18.6,11.31,13.45,13.01,16.31,9.74,6.04,9.87,9.9,13.59,7.06,6.36,8.86,12.3,8.52,10.77
201010,19.43,3.78,7.37,1.93,5.34,2.06,15.4,6.65,4.51,3.34,3,0.21,2.32,8.18,2.33,3.28,5.13,-2.03,4.64,3.37,4.6,4.75,9.72,6.08,1.28,0.55,-2.07,13.22,6.8,4.29,1.86,4.81,-7.28,8.71,4.17,3.85,5.85,3.06,5.94,5.35,4.95,1.32,6.04,0.32,2.04,-1.32,7.37,-0.38
201011,0.86,-2.6,0.97,2.01,-3.89,9.27,6.85,-1.77,-2.36,9.27,1.69,-0.23,-4.31,0.84,4.03,-1.01,3.8,3.6,2.98,4.8,6.62,3.33,6.74,-0.45,-0.3,-3.01,0.67,3.89,14.44,5.25,-1.31,-1.86,0.05,-2.55,-0.81,3.31,3.11,0.51,-0.7,2.42,0.29,4.95,4.17,0.02,-0.65,1.4,-1.07,-1.28
201012,15.83,4.57,0.91,3.57,4.23,1.95,-1.3,8.44,5.79,1.08,9.25,9.44,4.26,7.49,7,4.19,10.36,15.02,13.32,10.91,10.62,5.79,8.3,4.11,16.75,2.92,6,16.62,14.55,9.15,3.22,6.71,11.59,6.97,4.44,5.51,9.68,4.6,5.75,3.19,6.83,3.5,0.07,11.89,8.51,7.39,9.53,13.21
201101,5.01,-1.92,1.86,-3.62,-3.29,-6.72,3.59,2.8,-1,-3.32,1.75,2.44,-1.62,1.6,1.84,-3.65,2.49,6.75,3.98,3.78,5.07,3.59,0.56,5.07,2.64,11.39,-10.97,-6.37,1.38,7.17,2.23,0.05,-0.33,2.59,3.79,6.49,3.98,2.94,3.67,-0.48,2.8,-1.28,-2.39,2.57,2.05,3.91,1.39,7.5
201102,-1.2,6.75,3.2,0.6,8.65,6.18,1.24,2.56,1.66,8.88,6.93,4.58,2.76,4.92,4.5,7.1,2.97,-0.46,3.98,5.85,3.77,2.81,-2.39,2.82,6.9,0.28,4.49,-0.03,-0.02,7.97,2.43,7.59,11.04,2.14,1.63,4.03,4.81,3.17,4.27,1.42,2.97,1.38,3.92,1.52,4.5,9.97,2.94,3.9
201103,0.33,1.64,4.58,3.35,6.33,1.59,-1.03,-0.21,0.23,-4.4,3.56,0.54,2.63,2.01,6.49,4.5,3.64,1.75,0.75,5.98,4.36,1.1,1.53,2.15,18.09,1.63,0.39,0.1,8.82,1.64,0.91,1.77,2.25,-0.02,-2.84,-3.24,1.68,1.84,0.44,3.01,1.47,0.48,1.85,-1.78,-0.47,2.83,-2.43,-2.25
201104,-4.16,5.7,5.2,3.9,5.39,4.44,6.42,-0.03,4.93,8,1.08,5.02,7.14,4.48,3.63,4.95,0.52,-0.33,0.58,0.05,1.69,0.99,1.72,4.19,1.77,-1.05,6.15,-2.76,-2.79,1.47,3.99,3.41,1.4,2.69,2.03,4.74,3.64,1.96,0.67,2.93,4.06,5.2,1.4,-0.4,3.6,3.72,-0.92,2.42
201105,2.86,2.14,3.66,0.49,4.5,-0.79,-0.51,1.07,3.05,0.34,0.5,-0.11,2.58,-3.76,1.81,2.89,-2.2,-2.81,-5.35,-1.36,-5.78,-6.44,-3.29,-1.69,-6.3,-0.82,-5.58,-5.6,-6.03,-4.51,1.3,0.77,-0.83,-2.3,-1.74,-0.75,0.2,-0.65,5.71,-0.44,1.2,0.21,4.17,-2.65,-1.62,-2.64,-3.46,-3.48
201106,1.51,-1.14,3.98,0.62,-5.6,-0.57,-1.77,-0.44,-2.52,4.5,-2.93,-3.29,-1.41,-0.22,0.21,-6.35,-1.82,-5.29,-1.89,4.04,-0.85,-0.24,-1.46,0.35,-2.43,2.87,-4.89,-0.67,-7.16,-2.34,-0.34,-1.24,1.91,-1.23,-3.17,-3.74,-1.04,0.56,-6.63,-0.47,-2.1,-1.41,1.58,-2.02,-1.09,-3.85,-4.38,-2.6
201107,1.31,-0.37,-5.96,-2.97,2.86,-5.42,6.05,-3.15,-2.74,2.26,-8.87,-4.35,-3.04,-1.83,-5.56,-6.29,-7.4,-4.97,-6.22,-5.54,-4.74,-9.73,-9.59,-5.96,-6.09,-5.81,3.51,-0.75,0.67,0.5,-0.35,-5.03,-0.78,0.44,3.5,-6.17,-9.39,-7.03,-4.43,-5.09,-4.58,-0.1,-0.28,-3.58,-5.19,-6.76,-2.71,-4.44
201108,-6.75,-1.4,2.24,2.24,0.33,-3.04,-6.23,-3.27,0.37,-5.51,-13.43,-4.84,-1.86,-7.98,-2.51,-7.01,-7.35,-10.01,-13.2,-7.31,-8.17,-7.63,-11.97,-7.24,-8.94,-1.29,9.86,-5.99,-19.19,-9.82,0.14,-5.45,-14.33,-6.59,-7.03,-7.31,-8.9,-5.35,-7.8,-6.98,-4.05,-3.37,-0.7,-9.09,-7.44,-17.45,-11.27,-3.8
201109,-12.83,-3.56,-2.58,-3.84,-4.93,-9.4,-21.13,-8.04,-3.96,-5.1,-9.32,-7.74,-2.74,-16.46,-13.08,-14.41,-16.35,-15.99,-20.49,-12.53,-16.44,-13.09,-14.09,-4.36,-18.82,-4.09,-5.14,-30.64,-30.02,-11.95,-1.63,-5.94,-13.88,-4.51,-4.66,-5.35,-11.29,-9.74,-12.98,-9.34,-8.14,-2.86,-5.32,-11.48,-7.9,-14.47,-14.3,-4.16
201110,20.97,3.88,2.53,1.93,7.61,16.21,15.13,8.78,4.51,16.51,11.55,6.27,4.98,18.21,13.41,14.26,24.11,19.99,18.15,18.82,23.02,17.43,23.94,10.54,29.15,5.54,7.98,26.91,28.44,16.17,6.68,7.72,18.5,11.96,12.3,12.33,10.59,10.52,12.77,15.28,13.76,9.14,10.09,13.17,13.46,19.99,13.85,9.42
201111,0.26,0.66,-0.76,0.52,7.17,-0.54,-3.05,0.59,1.21,-3.84,1.89,-0.58,1.62,-1.14,-0.13,-1.08,2.84,1.83,-1.46,7.45,2.09,6.79,-7.95,1.75,5.19,4.03,2.51,0.51,-6.23,1.86,0.99,0.05,-3.35,-1.76,-3.12,-0.64,-0.61,1.2,0.27,1.49,1.17,0.85,2.37,-3.88,-0.33,-1.31,-4.22,-0.59
201112,-3.96,1.19,2.58,3.98,3.61,-6.43,-4.22,5.18,1.91,-2.24,-1.18,1.91,4.21,-0.04,0.64,0.82,-1.45,-0.25,-5.18,-10.02,-3.73,-4.71,-1.67,0.29,2.19,2.86,-12.75,-4.57,-13.69,-0.28,2.95,3.2,4.56,-1.65,-0.39,-1.76,-2.07,1.15,0.67,1.19,-0.02,0.34,3.7,3.14,1,-1.21,-1.29,1.29
201201,16.81,0.62,4.23,-2.33,-4.66,11.03,12.39,3.35,-0.99,9.89,4.42,6.71,2.63,11.26,8.15,6.96,6.47,10.05,12.4,7.34,12.74,9.83,13.17,4.92,4.85,2.27,5.37,18.86,1.26,1.4,-2.71,2.31,7.26,5.27,10.96,9.06,15.95,3.75,8.91,6.62,6.07,4.04,3.26,7.51,4.84,14.38,9.59,3.42
201202,-5.12,1.99,4.79,0.77,10.56,6.28,5.64,1.46,6.4,6.51,6.22,0.9,0.94,2.2,2.15,5.73,5.08,6.25,-2.69,7.29,4.44,0.7,5.14,4.28,7.44,7.25,-3.17,-5.81,-1.51,6.73,1.25,5,-3.28,5.52,10.71,3.96,3.6,3.61,3.66,-1.24,1.58,3.51,2.92,7.33,4.7,4.1,6.94,1.07
201203,2.95,1.64,4.21,6.04,4.93,3.06,4.19,4.04,1.71,1.67,0.3,3.54,4.32,2.65,5.7,4.53,3.14,0.97,0.67,12.37,-2.61,2.17,0.17,0.04,-2.24,1.23,-11.82,-4.67,-12.16,-3.09,1.44,2.52,-1.92,3.72,6.96,3.48,3.39,1.55,2.17,1,2.98,5.21,3.76,9.2,3.69,6.34,4.38,3.62
201204,-4.03,1.09,3.17,1.33,1.83,1.09,-2.74,-2.78,-1.82,0.12,-1,0.26,0.81,1,-0.91,-0.06,-2.06,2.01,-4.29,-5.25,-1.55,-1.3,-7.36,0.25,-1.81,1.33,-6.08,0.5,2.47,-1.78,1.74,1.62,-3.35,-0.74,-3.22,-3.14,-2.34,-0.43,-1.67,1.24,-0.3,1.36,1.03,-2.19,-1.29,0.64,-5.34,-1.34
201205,0.53,-3,1.59,-0.25,-3.64,-7.65,-12.86,-7.7,-5.06,-5.68,-6.28,-5.49,-2.61,-8.44,-5.03,-2.83,-5.57,-8.89,-14.52,-10.47,-11.13,-7.4,-7.64,-7.51,-10.73,-8.26,-3.85,-15.7,-23.34,-10.5,-0.93,-1.05,-10.16,-7.46,-7.91,-9.02,-6.62,-5.06,-8.92,-2.08,-6.12,-2.12,-4.91,-9.42,-6.7,-7.69,-11.55,-2.32
201206,6.9,1.39,2.17,5.74,5.92,1.25,0.29,6.79,0.04,-10.76,14.35,5.92,6.47,3.46,3.67,2.22,1.75,7.62,4.78,-1.27,0.09,-1.24,-4.42,2.47,8.64,5.4,4.01,8.49,2.09,5.91,3.4,7.04,3.87,4.25,1.5,2.16,0.45,2.82,1.53,4.04,2.58,3.02,-2.24,5.28,3.16,3,4.23,6.1
201207,3.26,-2.75,2.71,2.01,3.94,6.31,-11.76,1.27,3.34,2.31,-4.49,-4.12,3.26,-0.79,-3.4,-0.77,-2.5,-1.8,-1.35,5.43,1.33,2.28,-0.3,-1.58,2.49,2.95,-8.9,-1.17,-10.56,2.97,3.73,4.07,-11.68,-1.68,1.34,-0.26,0.51,0.9,2.52,-0.99,0.53,2.34,-3.21,0.01,-3.22,-2.9,-1.24,1.25
201208,2.15,4.37,-7.3,0.32,-2.93,3.33,8.1,7.25,3.49,8.04,6.96,3.52,0.1,2.88,3.95,8.15,7.71,8.38,-1.1,2.15,4.17,3.8,4.12,3.09,-0.7,2.64,15.74,2.91,0.3,2.43,-3.34,1.08,5.76,3.46,7.59,2.14,3.67,2.21,2.93,-1.56,0.41,3.43,1.45,3.03,6.01,6.1,4.85,-0.64
201209,4.67,1.09,1.52,-1.02,-0.03,0.06,6.93,6.67,2.6,-0.49,8.34,5.88,4.24,1.44,5.44,5.4,4.11,6.67,3.77,1.91,1.97,-1.19,3.63,-0.9,3.95,3.4,13.38,8.61,2.06,3.61,2.17,4.81,4.15,3.5,0.82,-2.74,1.95,2.21,4.17,-2.28,0.41,1.85,3.79,4.6,1.4,3.99,3.79,5.74
201210,-4.83,-0.58,-2.84,-1.86,-2.52,-0.95,2.19,-0.96,1.02,-1.36,-5.1,-3.75,-1.28,-2.6,2.3,4.72,3.75,2.69,-0.73,-1.78,-0.78,1.34,6.02,0.49,2.85,0.55,-2.83,2.28,20.5,-2.12,1.05,-2.3,-2.47,-4.92,-10.33,-3.84,-0.01,-2.81,0.93,2.95,2.61,-0.92,-4.97,1.39,3.1,-1.31,2.34,-3.3
201211,5.85,4.03,3.4,1.95,3.27,2.16,2.06,-2.53,1.16,4.02,3.98,0.82,1.46,3.21,2.14,4,4.46,-0.86,2.61,-4.92,1.58,4.55,3.38,4.06,2,1.91,-14.1,1.34,-11.26,-1.35,-3.68,0.06,3.8,1.97,1.1,2.17,3.98,4.31,-0.44,0.4,2.29,1.08,2.28,-0.46,-1.63,1.26,0.18,1.27
201212,2.97,-0.68,-3.9,-0.84,-5.58,-1.23,4.11,5.26,-1.58,0.13,3.16,0.41,-0.96,4.46,0.09,3.54,3.29,6.2,6.56,7.15,4.12,3.7,7.98,2.4,5.54,-1.38,-0.83,-1.51,7.67,1.18,0.14,1.15,3.84,1.51,-3.48,2.84,3.07,3.57,1.98,3.01,1.99,-2.15,1.95,5.21,1.66,5.78,5.38,1.43
201301,6.99,7.54,2.03,5.07,5.61,2.75,15.63,5.21,8.69,2.56,9.66,10.02,7.57,5.06,11.48,9.22,7.83,10.89,4.28,4.79,8.1,7.28,1.66,2.44,8.98,-3.93,-8.54,3.81,-3.72,7.85,5.08,4.96,8.34,6.58,-5.99,3.44,7.52,5.82,4.44,8.52,6.46,5.41,5.23,4.43,6.58,6.62,13,7.58
201302,-0.41,4.83,3.59,5.22,2.21,5.89,-1.25,-8.01,3.14,1.46,0.78,-1.19,1.91,-0.95,2.5,5.7,2.28,-3.52,-2.68,8.47,-1.16,0.99,-0.22,3.63,6.37,2.8,-8.17,-7.38,-8.09,0.48,2.16,2.21,2.61,0.93,-1.14,1.89,1.38,4.58,4.89,3.64,2.07,0.61,0.7,1.29,0.8,5.39,1.77,4.54
201303,4.6,7.98,4.84,5.31,2.72,7.38,7.76,7.28,2.19,2.88,5.91,3.24,7.19,1.21,6.26,8.88,2.05,5.82,2.1,8.8,0.32,0.61,3.56,5.64,6.43,8.97,2.53,0.41,0.86,2.1,5.64,5.77,8.95,2.28,2.65,3.65,4.05,5.26,6.98,4.65,3.25,4.77,5.5,4.46,5.2,5.95,3.6,1.93
201304,1.39,1.74,5.13,3.55,4.4,4.43,4.53,-0.04,1.35,9.03,-0.34,-1.82,3.62,3.96,-0.6,1.02,-2.84,-3.5,-4.41,1.32,-1.18,-1.42,4.45,0.55,-2.89,2.54,-22.22,-6.94,-5.67,-1.29,5.05,4.21,0.16,1.89,-1.83,0.24,-1.41,-0.09,0.37,-0.14,0.17,3.2,2.4,1.21,3.56,-3.37,-0.02,0.7
201305,-5.05,-2.01,-5.34,-1.47,-2.98,0.63,2.53,3.8,-0.22,0.78,4.54,5.17,0.81,3.43,1.87,0.77,7.14,3.7,3.84,14.31,5.23,4.03,11.1,6.62,1.72,7.21,3.13,-0.54,0.5,3.04,-6.99,-1.7,8.93,3.49,5.9,4.86,5.82,2.5,0.66,2.74,3.85,2.39,-0.3,8.14,4.4,-1.9,8.42,5.95
201306,-0.97,0.79,1.44,0.93,-2.26,1.55,-4.93,2.21,-0.72,0.58,-1.34,0.22,-1.66,-5.1,-3.51,2.28,-5.89,-6.84,-4.72,-1.57,-3.54,-3.26,0.34,1.21,-2,2.43,-12.05,-8.94,-23.2,-2.11,0.79,2.18,-3.97,-1.99,-5.83,-1.2,-1.19,-0.89,-0.51,-0.91,-0.55,-0.43,1.61,-0.61,1.59,-1.74,-2.94,-1.22
201307,1.2,5.5,0.06,2.73,1.76,-0.99,6.11,8.12,4.98,1.72,1.71,5.65,8.66,5.87,5.72,12.02,6.08,2.26,6.97,13.95,4.48,9.7,9.65,6.91,6.8,10.58,1.16,-0.28,10.54,4.96,4.58,3.77,5.95,4.99,7.24,7.81,5.46,6.83,8.56,3.67,6.46,6.39,3.17,6.33,5.95,1.84,7.36,4.03
201308,-1.26,-3.59,-4.77,-3.86,-4.85,-1.38,3.31,-5.26,-2.85,-1.86,-4.18,-3.72,-3.8,-0.59,-4.07,-3.46,-4.71,-3.46,-2.75,-3.32,-0.85,-1.91,-1.29,-3.12,2.2,2.4,5.86,4.25,3.73,-1.94,-4.41,-3.29,-4.62,-0.23,-4.26,2.08,-2.53,-3.15,-2.08,-2.59,-2.5,-4.86,-2.29,-4.64,-2.67,-5.71,-5,-4.08
201309,6.16,-0.3,-0.41,1.34,4.28,3.74,11.16,8.93,0.93,7.65,6.04,3.71,3.94,5.21,7.07,8.44,9.14,6.51,8.35,8.43,6.24,7.12,6.71,8.56,7.57,4.96,-11.35,4.59,2.56,1.89,1.04,4.09,2.06,5.48,1.82,1.98,6.88,3.53,-0.17,5.92,5.6,4.43,4.01,2.63,3.43,4.08,4.52,2.73
201310,1.04,5.19,4.74,6.25,5.35,9.86,3.55,4.98,6.07,2.4,3.92,5.71,3.5,3.95,6.54,4.48,3.99,5.08,8.38,-4.94,1.57,5.47,-0.07,5.28,6.47,5.23,-3.35,7.34,9.9,4.72,3.34,5.59,6.55,3.34,0.9,6.46,3.37,6.43,5.37,5.91,5.76,5.39,3.92,2.92,2.63,3.21,5.89,3.46
201311,7.64,-0.03,2.39,1.15,-2.42,3.23,3.11,1.85,3.95,6.52,2.07,1.95,5.09,1.2,1.78,4.21,2.88,4.52,1.72,0.31,1.59,3.4,1.79,4.63,7.59,7.55,-8.64,-4.94,-3.52,0.98,-1.8,0.52,2.97,3.39,1.15,4.62,2.95,4.53,-0.74,5.29,3.86,3.72,3.2,6.41,5.52,5.2,5.81,1.43
201312,3.1,2.88,3.29,-0.41,2.97,2.32,7.96,7.76,-1.95,0.83,-1.36,1.15,0.68,4.86,5.93,3.64,4.71,5.13,6.52,-1,5.28,3.19,1.54,2.86,7.27,4.04,-5.39,9.29,7.89,2.91,1.79,3.7,4.32,4.69,4.93,2.91,5.7,2.55,4.57,2.25,2.54,0.1,-0.23,2.86,1.64,5.2,3.79,2.64
201401,-8.01,-3.46,-7.59,-0.54,-8.33,-8.56,0.78,-6.44,-6.2,-7.58,1.57,0.91,1.77,-3.81,-5.2,-2.68,-5.6,-3.29,-5.47,-8.77,-4.37,-2.82,-2.62,-3.82,3.05,2.53,-2.78,-7.06,-7.62,-7.03,2.49,-4,-3.6,-0.23,0.96,-5.3,1.92,-4.17,-3.58,-1.99,-2.35,-7.59,-4.77,-3.5,-5.3,-2.35,-5.56,-6.62
201402,3,4.95,1.92,1.62,3.35,3.39,9.19,8.25,3.45,5.53,3.33,3.61,7.12,7.88,2.11,0.87,8.06,5.37,2.55,6.23,5.68,3.76,8.6,3.48,13.45,6.73,8.32,6.25,4.66,5.71,3.07,2.77,7.98,5.43,3.44,5.32,4.91,4.65,7.88,2.11,4.5,5.79,4.84,3.01,3.81,4.73,3.01,2.66
201403,3.73,3.19,1.65,4.78,4.07,4.48,-7.06,-0.1,1.75,-0.4,2.13,1.51,-3.48,0.62,-2.55,-0.06,-1.74,-3.34,3.67,-4.68,1.08,0.08,-1.05,-1.3,-0.21,0.91,-2.49,-0.3,-3,2.51,2.68,0.07,-1.44,-2.95,2.01,2.72,-3.07,0,-1.24,2.68,0.41,-1.21,1.73,2.98,2.17,-2.63,0.99,5.6
201404,-2.6,0.08,4.7,1.56,5.69,-1.13,-4.55,-1.87,2.96,-3.82,-1.07,-4.64,0.48,0.02,-1.08,0.48,-1.45,-3.94,0.65,-5.33,1.09,-0.76,0.15,1.31,0.92,0.6,3.44,2.85,9.05,5.62,3.97,0.25,-0.64,-3.06,-3.04,3.27,-2.89,1.15,-1.49,1.11,-0.54,-0.84,-1.23,-4.65,-1.53,-3.07,-2.4,3.14
201405,9.86,5.1,0.62,3.19,3.99,-1.07,3.54,-0.46,-0.5,2.22,3.61,4.27,1.39,2.67,-0.63,2.75,0.02,2.37,-1.62,1.63,0.59,-0.51,1.74,1.73,5.45,-0.95,-8.84,-0.94,-7.31,0.95,0,3.97,1.85,2.58,3.64,5.11,2.32,2.5,4.06,5.45,3.44,0.22,2.4,1.75,3.01,3.52,-0.2,-0.39
201406,2.56,0.01,4.04,2.85,-1.17,0.68,2.22,8.86,-1.29,0.26,3.24,3.18,2.79,0.77,3.96,7.83,2.22,2.32,4.89,11.85,5.35,3.51,4.03,-2.31,1.36,-0.88,14.48,4.9,3.87,4.17,5.41,1.6,3.32,2.44,2.4,3.92,3.44,1.32,3.52,1.25,0.99,1.01,2.53,2.66,2.5,4.52,4.85,-0.44
201407,-8.2,-4.79,-6.87,-2.92,-3.26,-5.64,-3.36,-1.81,-2.62,-0.62,6.27,-1.36,-0.59,-3.24,-8.34,-5.7,-7.95,-9.64,2.2,-13.63,-6.26,-6.6,-3.77,-6.03,-0.83,1.81,-3.38,2.91,-11.2,-3.51,-6.48,0.46,-3.35,0.64,1.35,-0.35,-3.25,-3.66,-6.44,-2.04,-3.09,-1.78,-3.11,-1.6,-3.78,-3.72,-1.06,-2.12
201408,3.14,6.15,7.82,5.46,4.63,2.96,-2.61,2.31,5.87,3.53,4.69,1.89,6.09,4.39,5.61,10.14,6.73,6.75,6.21,-3.87,5.2,3.42,4.26,5.48,9.11,4.47,7.62,0.25,4.18,2.25,5.39,0.52,5.02,3.45,2.76,6.42,3.88,3.57,2.27,4.57,4.75,5.74,3.32,2.57,5.99,7.71,4.6,7.41
201409,-2.41,-1.96,2.5,0.83,2.01,-8.03,-3.73,-7.17,0.84,4.44,-3.66,-3.39,0.71,-2.13,-2.01,-2.38,-5.39,-7.4,-4.79,-8.45,-6.99,-4.82,-10.06,-0.9,-1.71,3.99,-17.28,-9.56,-14.41,-7.96,-3.4,-1.71,-7.25,-1.05,-1.48,-1.76,-2.97,-3.1,-5.79,0.71,-2.23,-1.51,-0.6,0.1,-1.97,-5.92,-0.45,-0.02
201410,3.25,2.65,-0.33,3.28,5.86,4.73,-0.14,2.72,3.71,1.57,4.35,10.58,5.09,-1.09,2.53,2.08,4.58,3.26,2.17,0.99,2.51,3.21,1.98,1.76,-6.35,3.26,-20.24,-7.41,-6.31,-4.47,6.69,1.41,3.1,0.4,-0.19,3.79,3.41,6.58,5.4,6.22,3.12,3.37,1.28,3.8,5.05,3.55,2.45,1.45
201411,3.71,4.9,7.63,4.35,0.98,2.58,-0.94,1.28,3.23,8.89,-1.31,4.96,2.54,2.21,3.44,7.53,1.75,0.85,-2.46,-9.16,-1.12,-0.08,5.26,5.21,-2.74,1.11,-0.48,-0.94,3.96,-10.03,0.29,3.04,4.8,1.96,6.66,6.94,3.92,4.89,4.22,5.88,1.86,8.96,5.57,1.67,2.01,4.83,2.48,4.81
201412,-0.06,-1.29,-5.17,-4.3,-2.89,-2.65,-4.96,1.88,0.02,-0.82,3.52,0.27,-1.36,0.82,4.51,-0.31,1.5,-1.57,-6.6,-5.8,-1.09,-0.9,0.56,-0.4,-3.41,0.91,3.53,-7.87,-16.46,0.58,1.85,-1.74,2.73,-0.68,0.23,-2.78,-0.24,1.69,4.52,1.09,0.45,2.23,-0.43,1.96,1.82,0.02,3,0.01
201501,-0.9,-2.08,-1.11,0.9,3.05,-0.06,0.31,-2.03,-4.92,-3.75,-2.53,-0.05,2.11,-1.99,-0.66,2.02,-3.8,-6.53,-9.65,-14.07,-7.54,-5.38,-6.25,1.23,-2.21,-0.82,30.1,-10.08,-17.48,-4.28,1.18,-4.9,-6.95,-4.37,-6.88,-0.34,-1.85,-2.06,-4.66,-4.53,-2.53,-0.24,0.66,-9.29,-4.29,-1.06,-7.3,-4.4
201502,2.08,3.67,6.48,4.4,5.45,5.46,5.95,7.97,3.83,5.43,4.29,5.77,4.06,8.07,7.55,13.34,5.89,10.41,3.77,14.59,6.54,5.59,8.91,5.5,18.24,7.46,2.44,17.7,15.05,4.74,-4.37,9.1,5.64,8.01,8.36,9.36,5.03,5.94,11.19,3.1,4.89,5.67,6.82,7.95,7.72,5.85,8.37,4.38
201503,-5.28,2.47,-4.64,-2.07,-8.47,-4.11,-2.31,0.44,-1.98,1.23,4.97,1.32,0.49,-3.56,1.04,3.33,0.9,1.44,-2.72,2.57,-3.67,-0.49,-0.43,-1.41,0.67,2.56,-16.42,-4.97,-18.67,-2.54,-0.28,-2.21,-2.7,-1.47,-5.99,-2.76,0.74,-1.47,-3.25,-3.62,0.54,1.01,-0.29,-0.83,2.28,3.92,-0.37,-2.09
201504,1.07,-0.23,-0.43,-0.52,6.02,9.25,2.69,-4.06,-2.41,-1.53,-1.74,-2.75,-1.13,1.14,-4.47,-5.95,-0.87,-5.29,4.05,-2.17,2.48,1.37,0.21,-2.52,-7.47,-6.86,19.16,11.43,10.8,6.96,0.3,3.4,-3.24,2.39,3.59,-0.7,-2.78,-2.81,-1.72,-1.14,-1.05,-2.93,0.51,2.09,-1.78,-2.74,0.56,0.35
201505,3.43,2.82,0.2,2,1.44,-3.63,1.6,1.99,0.39,0.04,5,2.27,5.33,1.19,1.18,4.37,2.25,1.27,-3.81,-6.19,0.37,2.91,1.09,1.66,3.06,1.99,2.63,-6.85,-17.11,-5.03,-0.5,0.81,0.18,-0.12,1.32,5.36,3.85,1.49,0.33,-3.06,1.29,0.56,1.56,2.67,4.64,0.72,2.39,0.88
201506,-7.59,-0.79,-2.34,-1.71,-2.57,0.46,1.47,0.12,-0.11,4.17,5.14,-0.15,-0.23,-2.8,-0.5,4.09,-1.8,2.95,-5.25,6.8,-1.4,-3.45,-2.36,-2.37,-9.17,-0.86,-13.31,-4.85,-23.5,-3.74,-5.37,-0.51,-3.69,-1.84,-4.58,-5.91,-0.61,-2.75,-3.34,-3.25,-2.66,-0.5,0.29,1.67,2.17,-2.99,-0.63,-3.83
201507,-2.72,3.55,6.67,3.51,9.59,-3.77,8.03,-2.97,0.71,5.96,1.65,4.9,3.58,-4.92,1.3,-0.72,1.6,0.68,-8.21,-19.29,-5.95,-4.29,-3.11,-1.93,5.11,9.16,-26.27,-10.67,-26.3,-8.95,2.61,1.41,2.25,5.26,2.89,-2.72,0.95,-0.49,-0.9,3.27,-1.28,5.84,4.17,2.72,1.65,1.52,-0.21,2.85
201508,-4.59,-4.22,-4.57,-3.12,-4.06,-4.83,-7.79,-8.76,-6.94,-3.86,-6.41,-5.37,-9.02,-7.22,-5.84,-3.11,-1.92,-2.56,-4.41,-4.55,-3.78,-8.97,-6.1,-5.08,-4.97,-1.69,-0.22,-1.67,7.86,-3.69,-4.01,-8.42,-1.28,-5.4,-8.2,-5.53,-7.6,-5.98,-3.58,-6.37,-4.27,-5.42,-6.48,-6.35,-5.58,-11.08,-8.48,-5.49
201509,-11.16,-1.73,2.15,2.58,2.37,-5.42,-10.75,-5.65,-0.53,1.18,-9.8,-5.85,-7.38,-8.29,-4.27,-5.92,-7.92,-5.02,-10.59,-21.15,-9.06,-8.8,-2.53,-2.04,-9.94,1.45,-5.7,-6.13,-36.74,-5.66,-0.56,-2.61,-1.53,-1.48,-2.35,-0.82,-4.79,-2.33,-4.97,-0.71,-6,-1.72,0.44,-3.24,-1.99,-3.06,-4.82,-2.04
201510,8.63,5.44,5.77,8.06,10.9,11.86,15.14,12.44,5.81,0.98,-4.3,6.54,8.81,16.63,5.75,7.96,8.09,2.66,5.9,-6.4,8.73,7.98,6.04,9.42,7.49,6.41,18.08,7.38,-30.98,12.54,2.07,8.85,4.41,11.42,5.87,8.88,7.56,10.25,9.78,6.48,5.17,4.53,5.05,5.6,5.23,10.61,7.83,7.1
201511,1.87,-1.59,2.36,-0.71,-3,-2.23,-0.08,-0.06,-1.1,-1.08,0.83,2.47,0.38,1.67,2.14,-2.59,3.11,6.33,-0.89,12.87,2.19,1.52,1.94,-0.52,1.31,0.01,-5.53,-6.15,10.12,1.06,-3.45,-1.92,-3.96,2.11,-3.03,0.23,5.24,0.02,-0.32,-1.1,2.7,0.59,-1.01,3.05,-0.25,-1.16,3.26,0
201512,2.07,2.98,0.42,0.31,1.6,-2.41,-1.55,-5.94,1.87,-4.37,-2.43,0.36,0.56,-4.79,2.76,-2.64,-4.24,-6.31,-2.65,-14.67,-6.07,-0.36,-4.13,-1.34,-8.83,-0.33,-1.96,-7.24,-7.34,-9.76,-2.36,-3.02,-6.66,-1.07,-2.82,-5.9,0.03,-3.9,-2.51,-5.01,-1.78,0.83,-0.94,-3.14,-0.8,-6.17,-5.28,0.29
201601,-6.73,-1.13,-1.33,-0.22,4.29,-1.78,-9.28,-5.66,0.17,1.53,-4.76,-4.03,-10.73,-11.08,-7.71,-5.32,-7.17,-10.2,-9.65,-7.37,-4.77,-8.2,-13.23,-9.89,-6.32,-2.18,9.42,-8.04,-3.31,-4.64,4.62,-0.36,-9.08,-5,-11.44,-7.03,-6.79,-4.45,-11.1,-8.52,-8.34,-4.47,-0.93,-10.74,-5.99,-13.86,-11.03,-3.14
201602,-0.47,2.02,-0.33,-2.32,0.95,8.15,3.51,-1.57,0.36,0.83,-2.85,1.35,-1.44,6.87,2.18,0.65,3.8,0.22,7.37,18.46,5.34,3.65,4.07,3.83,-1.04,2.95,31.7,8.01,6.28,-2.96,1.72,1.17,-2.81,-2.42,5.19,0.62,0.16,3.2,1.57,6.91,4.19,-0.43,1.05,-4.45,0.29,-4.85,-1.92,2.68
201603,-0.98,3.85,7.21,5.63,5.06,6.97,8.97,6.74,4.67,2.32,8.9,3.79,2.35,8.33,12.34,3.6,10.87,12.09,17.74,9.62,9.7,9.05,10.59,3.73,9.05,2.84,4.46,15.67,25.47,10.87,7.92,6.02,3,7.88,8,9.33,9.05,7.83,11.13,6.88,6.29,5.99,5.38,6.28,7.09,11.71,6.95,6.81
201604,7.17,1.24,-1.53,0.32,-0.24,-3.53,-6.84,1.25,-0.41,-2.26,5.93,6.31,2.8,3.77,0.16,1.56,1.8,-0.99,9.86,16.95,3.46,2.34,1.6,5.09,5.5,3.45,33.91,11.43,29.73,9.09,-0.78,0.6,-3.85,-2.49,-1.44,-7.89,-0.75,0.53,2.92,-1.07,0.3,-0.34,-2.37,5.86,1.14,-1.35,2.43,0.49
201605,16.6,1.29,0.04,-0.9,0.84,3.34,5.86,-1.21,-0.08,-4.95,-0.91,1.95,2.83,-1.42,2.38,-1.69,3.72,3.13,-8.49,-4.78,0.16,-0.99,-2.49,-1.77,-2.23,2.59,-7.56,-4.41,1.55,-0.95,2.24,0.3,3.58,4.7,4.56,6.48,3.8,1.82,1.62,-2.17,1.64,1.22,-1.47,1.93,2.05,-0.69,3.49,-2.44
201606,-6.59,7.47,3.46,5.33,6.89,-3.09,-4.67,-1.36,3.18,1.65,-0.42,5.09,-0.92,-1.1,0.72,-4.65,-2.32,0.01,2.56,-4.46,-0.8,-0.19,-6.98,0.82,0.37,4.36,23.78,3.58,5.24,2.65,7.37,3.12,1.01,-2.14,-2.3,-1.43,-1.17,2.36,0.02,-2.51,1.6,0.76,1.18,-7.17,-0.26,-5.6,-6.83,3.6
201607,3.62,0.22,-2.89,1.84,-2.77,4.73,6.45,7.78,2.6,1.84,2.4,4.15,6.73,4.33,4.96,9.73,6.29,4.93,13.59,5.96,6.53,5.37,8.85,4.06,5.15,2.32,16.04,4.47,20.94,-2.87,-0.22,2.29,5.07,7.32,8.66,8.8,5.23,2.07,4.92,5.41,3.4,3.85,2.2,4.84,0.59,5.69,7.18,-0.5
201608,-0.09,-0.13,-1.4,-0.88,-1.2,1.58,0.84,0.29,1.26,1.32,-6.84,-0.09,-3.69,2.49,3.9,1.65,1.21,0.35,-7.52,4.21,3.85,1.37,-0.3,0.11,3.06,-4.53,-13.82,-8.17,-4.52,1.43,-3.92,-3.55,-4.15,1.27,3.04,3.02,-0.21,1.68,6.43,1.11,-0.94,-1.69,-0.21,6.21,1.97,1.12,5.31,2.73
201609,-4.08,-3.08,-2.22,1.65,-2.76,-3.99,6.37,-3.64,0.02,-6.81,2.18,1.04,0.05,-1.73,-2.86,-4.84,-2.58,-2.17,2.44,-0.31,2.6,1,-0.23,-0.61,-0.29,-1.17,2.64,1.98,7.68,2.94,1.75,0.54,-0.39,0.79,3.67,4.65,2.97,-1.52,3.14,2.88,-2.56,-0.14,-2.24,-2.19,0.27,-3.27,-1.19,-3.66
201610,-2.01,-0.12,-0.3,-1.63,4.61,0.81,6.47,-8.22,-2.94,-5.4,-6.62,-7.39,-7.51,-1.91,-4.58,-7.35,-3.77,-4.06,-2.98,-1.77,-4.12,-4.97,-3.27,2.63,-3.09,1.83,-5.44,3.13,-8.67,-2.93,-0.61,-2.83,-0.94,-0.56,-2.44,-1.11,-6.51,-5.86,-3.92,-0.62,-8.07,-3.55,-1.92,3.29,-0.98,-6.48,-0.84,-0.6
201611,2.11,-5.33,-3.94,-5.75,-5.11,8.98,3.02,8.33,-4.17,1.27,1.03,-3.52,2.63,7.57,6.76,7.97,10.66,8.76,21.36,7.97,12.53,8.58,6.9,8.35,15.06,8.22,-11.35,19.45,20.79,9.52,-2.84,6.26,11.3,-0.29,1.8,2.53,3.28,4.36,3.66,12.76,9.77,2.88,8.5,13.32,10.54,8.62,15.17,8.28
201612,3.31,5.52,2.5,3.03,5.42,-7.35,-2.61,2.68,1.46,-0.71,0.81,1.93,0.6,0.36,1.06,1.69,0.1,0.29,-2.26,2.6,-0.16,-0.37,4.19,1.43,1.4,-5.38,2.27,-2.8,-9.65,2.25,3.64,4.68,2.86,-0.19,-0.23,2.96,1.27,2.56,-0.78,0.87,2.23,-0.95,0.61,4.82,1.7,4.64,3.45,3.21
201701,5.6,1.02,-0.26,-0.98,5.65,0.38,5.66,1.67,2.76,0.44,4.2,5.88,1.24,3.84,2.57,5.6,3.11,4.83,3.7,3.58,4.7,4.39,5.22,1.91,2.96,-0.06,10.47,12.92,-5.32,-4.33,1.09,3.4,3.26,5.65,3.33,2.75,6.2,1.66,4.99,1.74,1.92,0.92,0.74,0.3,0.88,-0.2,1.37,-0.92
201702,3.96,1.9,0.81,6.17,7.97,6.05,-0.18,-0.2,4.87,3,7.28,4.64,7.67,3.13,-0.08,4.01,2.06,2.34,9.19,7.19,2.19,2.18,0.85,6.73,1.7,5.57,-8.11,-8.49,-9.39,-2.33,4.02,-0.07,0.16,3.34,7.5,7.1,4.98,4.05,0.06,2.6,2.68,2.85,2.41,5.22,3.54,8.67,3.79,3.65
201703,-0.43,-0.85,3.94,0.92,1.06,1.95,6.32,1.22,-0.33,0.48,-0.78,1.88,-0.58,2.19,0.39,1.29,1.71,3.53,-6.14,0.35,1.44,1.3,-0.53,-1.63,-4.16,0.84,-4.34,-1.78,5.53,-1.24,0.32,0.83,2.1,1.78,0.62,3.46,0.99,0.63,-1.09,-2.77,-1.08,0.82,2.76,-2.87,-0.93,-0.05,-1.97,-2.02
201704,3.08,0.58,0.68,1.94,-0.09,-4.23,3.66,-1.53,-0.31,-0.95,-1.37,4.65,0.42,1.33,6.33,2.59,1.16,0.14,-0.5,3.77,3.88,0.13,1.69,4.72,3.11,1.04,2.64,-2.17,-11.86,-2.79,0.36,-0.12,1.76,3.93,2.01,-0.27,6.21,1.65,4.02,2.19,-3.34,3.4,4.35,-0.64,2.38,5.17,-0.22,-1.27
201705,0.45,-0.15,5.84,4.34,6.18,4.55,2.67,-1.61,1.83,-2.22,-2.09,2.05,-0.92,-0.56,3.45,1.75,-2.09,-2.97,-4.6,-2.22,3.08,-0.77,-0.65,3.04,-2.16,4.64,0.83,-1.6,-5.09,-3.47,2.58,-1.92,-2.57,3.8,-0.84,6.51,3.71,2.63,2.77,2.74,2.37,0.54,7,-2.01,1.6,0.65,-1.33,-1.2
201706,1.03,-4.07,-0.74,-1.14,-0.94,1.74,-0.36,3,-0.13,9.55,6.93,4.13,5.83,1.99,0.7,1.57,2.48,5.86,-0.22,-0.47,-0.25,1.66,3.5,1.64,4.43,-1.21,-5.26,0.78,2.29,-0.19,-1.89,-2.27,4.9,-0.71,-2.59,-4.35,-0.63,1.48,3.71,3.44,0.23,-2.41,-2.48,6.65,3.49,3.38,6.37,1.6
201707,-0.82,1.35,2.64,1.25,-5.99,-5.01,6.31,2.88,1.89,1.22,-5.61,-1.26,1.41,1.09,-4.24,2.21,0.61,-0.05,1.31,6.07,3.1,0.12,-0.89,7.87,-3.05,4.79,11.94,7.76,12.9,2.02,2.99,5.3,0.29,3.98,2.17,3.85,1.72,-2.7,-1.11,-4.43,-0.89,0.98,-2.57,1.15,2.96,1.89,3.21,1.37
201708,0.17,-4.71,0.34,1.03,-0.87,-9.67,-0.8,-5.42,0.29,-5.21,-2.37,-0.6,2.65,1.61,-1.79,1.25,-1.07,0.16,1.65,2.98,-1.71,-3.73,1.84,2.12,0.38,4.6,2.53,0.38,-0.39,-5.23,2.21,-2.56,2.63,1.39,2.54,5.72,4.42,1.12,-0.3,0.69,-4.29,-1.76,1.37,-1.36,-0.45,-2.35,-1.91,1.44
201709,2.63,0.79,-0.4,-2.91,-2.04,-0.22,4.16,3,-0.09,1.12,-1.72,0.36,1.97,6.68,6.54,0.13,7.8,7.25,3.72,5.99,9.08,5.94,7.61,2.51,7.88,3.29,-2.52,-1.8,1.29,11.26,-1.96,-1.68,3.24,0.6,3.73,-0.38,3.24,2.68,2.02,6.32,4.65,2.76,0.87,6.21,2.08,3.01,6.53,0.79
201710,1.7,0.24,1.58,1.33,-2.81,-5.34,2.81,-1.87,-2.79,3.01,-3.64,3.93,-3.62,5.63,2.63,5.41,2.76,9.29,2.23,5.26,5.58,4.58,2.23,1.88,2.24,-0.39,-4.72,3.1,2.2,0.22,3.1,-5.74,0.16,6.22,1.98,8.94,4.56,4.69,3.2,-1.88,-0.84,3.3,3.72,3.27,4.26,2.87,1.92,-1.25
201711,-1.56,6.33,1.85,4.41,1.42,7.28,3.01,11.7,4.89,7.44,3.57,3.91,1.89,2.23,2.49,7.56,5.5,9,-1.38,3.95,2.21,0,0.64,4.13,3.45,3.3,0.43,0.08,8.98,2.89,2.41,3.72,1.42,0.06,4.48,2.3,1.52,5.6,-0.49,6.71,3.72,9.42,5.47,2.94,4.75,4.8,5.66,1.55
201712,-1.86,-0.16,0.65,4.4,4.96,-5.67,1.47,1.43,2.39,4.58,3.13,-3.41,0.37,0.58,-1.31,-2.23,2.22,0.81,13.19,-2.45,2.5,2.93,-1.24,4.08,1.55,0.5,2.04,13.87,11.85,5.04,-5.01,4.59,1.28,0.47,1.05,-1.33,-2.01,-0.83,-0.95,2.84,4.3,2.54,1.24,1.89,-1.72,0.17,2.01,1.34
201801,4.3,0.28,5.73,-0.11,0.13,3.78,18.44,5.21,-1.98,7.29,8.2,9.25,5.57,1.7,0.32,1.6,1.06,-1.3,3.61,4.1,3.86,3.24,3.45,13.38,-1.33,8.85,6.76,2.86,0.89,2.85,-2.81,3.18,5.27,9.29,7.99,3.68,8.07,4.71,3.1,2.68,4.83,11.56,3.23,7.33,4.02,4.65,5.02,5.34
201802,1.2,-6.75,-8.38,-6.76,-6.62,0.7,1.12,-3.5,-6.25,-1.95,-2.05,-3.52,-4.12,-5.12,-8.42,-12.35,-9.54,-10.35,-1.99,0.37,-4.25,-5.19,-6.3,-0.16,2.97,0.05,-5.8,-2.79,5.96,-11.04,-4.52,-7.32,-4.01,-1.66,3.82,2.72,-4.23,-5.66,-3.76,-6.65,-5.56,-4.72,-4.19,-2.13,-4.28,-2.85,-1.45,-4.71
201803,-4.92,-2.31,-0.43,1.27,-1.65,-9.23,0.52,-0.19,2.1,0.64,-1.32,0.46,-2.67,-1.86,1.66,-2.14,-0.71,1.87,-5.86,2.39,-1.18,-1.25,-6.58,-6.16,-0.82,-3.14,2.77,-0.8,-6.57,3.1,3.21,-2.52,2.58,-3.38,-3,-3.28,-0.72,-5.07,-1.54,0.53,-1.04,-3.25,-0.54,-4.61,-1.98,2.97,-1.37,-3.51
201804,7.99,-3.51,-0.77,-4.29,-14.16,6.42,3.09,-0.46,-5.31,3.16,0.05,2.3,-0.98,0.72,0.27,-9.54,-5.16,-0.87,3.66,4.08,-5.62,-6.29,0.12,-1.78,-0.52,-4.17,0.57,-4.31,-2.46,10.31,2.77,-2.42,0.72,1.2,2.38,-2.93,-3.47,-7.35,-1.39,0.5,0.83,4.29,3.5,1.12,3.28,-1.73,-1.52,-1.75
201805,1.93,-0.86,-1.31,-1.19,-1.87,0.81,9.61,0.7,-0.24,4.21,7.77,6.14,1.06,2.42,-1.13,-1.36,4.36,-0.55,5.62,2.97,2.97,6.86,3.63,4.53,2.96,0.4,-0.07,3.85,11.8,3.44,0.21,-0.93,0.04,5.93,-0.24,10.91,4.05,1.89,-3.09,4.86,1.69,1.36,-1.95,1.09,-1.13,-1.78,0.4,-0.44
201806,-3.07,6.07,4.44,4.42,3.07,5.68,4.91,2.33,3.62,6.98,1.53,1.84,1.43,0.33,0.58,3.36,-1.16,-1.87,-5.14,-4.97,-5,-1.75,0.53,-3.2,-0.27,-5.66,-3.29,-1.42,4.13,0.53,2.61,6.23,1.32,1.06,1.07,-3.08,0.33,0.12,-2.51,-3.65,0.23,4.36,-2.89,-0.86,0.24,-0.98,-3.29,-1.78
201807,0.4,0.2,5.9,3.5,5.24,4.45,-6.9,-4.54,1.96,0.37,7.57,3.03,6.85,4.85,5.78,-8.89,5.17,-0.27,4.24,13.49,6.3,10.09,-3.07,7.17,8.88,9.86,-3.07,-2.06,-2.76,1.02,1.73,2.7,4.97,1.9,0.09,2.31,8.97,6.52,3.9,7.89,2.39,3.55,1.16,4.38,5.2,2.89,2.49,5.9
201808,-3.89,1.14,-3.08,-1.86,-5.43,7.38,2.47,-4.59,2.6,5.25,5.65,6.06,3.94,0.01,0.43,3.8,0.3,0.72,-3.23,-0.82,-1.95,0.57,-1.74,-2.39,1.16,-0.29,-15.31,-9.72,-0.51,-2.9,0.91,2.94,0.91,5.34,10.65,10.88,3.98,-0.27,-0.62,2.91,3.66,9.16,3.64,2.77,3.51,-4.03,0.03,3.3
201809,-5.72,-2.2,3.1,0.19,5.37,7.17,-0.73,-2.05,1.19,1.29,-0.33,3.65,1.7,-2.87,1.87,-6.38,-1.33,-4.9,-0.67,2.36,0.87,0.94,-5.02,6.72,2.46,7.2,-2.4,-1.58,-5.38,3.55,-0.55,1.75,-2.03,-0.41,0.06,-0.54,0.51,-0.88,1.89,1.04,-1.48,0.61,2.51,-2.82,1.13,-4.86,-3.4,0.75
201810,-3.85,0.94,1.18,-1.57,7.9,-15.04,-16.04,-5.63,-0.77,-10.13,-6.6,-11.51,-8.23,-12.5,-11.58,-25.79,-16.21,-9.39,-11.62,-10.58,-13.82,-13.65,0.87,-8.87,-16.96,-14.46,0.51,-12.59,1.47,-12.1,-0.06,-0.53,-4.17,-9.29,-8.06,-7.76,-9.75,-9.49,-11,-9.77,-7.88,-10.26,-1.71,-6.13,-4.13,-12.21,-4.56,-5.04
201811,-6.86,0.3,6.84,5.79,-8.43,-7.15,-0.03,3.83,6.33,-1,3.49,5.42,6.73,4.96,6.42,2.92,5.08,1.99,-3,-4.37,7.15,5.16,3.76,0.36,7.37,1.41,2.48,-1.78,-14.14,-2.36,3.27,2.53,4.03,1.24,0.75,-8.59,6.26,7.67,10.21,6.15,3.18,1.59,6.15,2.92,4.29,6.82,0.09,3.61
201812,-13.07,-10.92,-7.83,-9.69,-15.8,-16.35,-7.47,-14.36,-5.69,-7.31,-15.36,-8.02,-8.05,-7.76,-8.86,-10.09,-12.19,-9.7,-14.78,-3.16,-9.83,-11.57,-11.3,-10.18,-18.24,-11.78,7.19,-10.66,-2.07,-13.27,-4.75,-8.86,-11.71,-7.62,-9.58,-8.91,-10.28,-7.53,-12.48,-15.19,-11.21,-9.2,-6.28,-12.78,-9.85,-12.18,-8.76,-6.5
201901,14.3,8.44,3.77,3.53,7.85,16.71,19.03,13.23,6.41,12.31,11.27,6.82,4.13,5.52,7.01,9.71,13.13,13.19,17.11,10.41,11.36,11.23,9.82,15.54,6.41,10.35,0.09,9.97,13.9,10.45,5.41,5.69,4.75,11.1,9.95,6.3,9.67,6.89,12.93,9.88,8.83,8.84,4.8,10.46,8.65,15.73,8.06,4.53
201902,-0.28,-3.33,-3.51,2.46,10.2,10.62,3.47,3.98,5.15,5.51,1.37,3.48,3.04,3.92,4.24,6.84,5.84,2.11,2.27,14.54,3.87,5.43,2.66,10.3,3.06,6.83,-0.86,8.63,-3.81,2.44,3.62,3.32,5.25,4.54,7.84,6.8,7.75,3.51,1.46,4.19,4.53,-0.08,4.64,4.49,-0.51,5.6,2.77,-0.49
201903,1.46,5.58,1.2,4.87,6.45,-3.2,0.19,-5.3,4.38,-0.31,-3.53,2.02,0.49,-1.48,2.39,-7.76,-1.83,2.88,-4.65,-1.76,0.4,-1.94,-6.01,-6.82,-3.62,-3.15,3.08,5.99,-1.37,2.04,3.32,0.3,-0.83,3.09,2.17,5.27,2.94,0.73,3.85,-0.36,-1.52,3.86,3.84,-2.63,-1.13,-3.7,-2.96,0.16
201904,0.14,2.75,5.29,6.56,-3.56,7.79,5.93,1.56,3.35,4.89,0.38,-3.44,-3.16,5.51,6.73,6.78,6.68,8.04,-2.64,-0.5,6.4,5.21,4.32,3.5,4.07,10.58,-10.51,0.73,2.98,0.06,1.02,6.34,3.24,6.34,5.01,6.3,2.45,-3.46,2.81,4.66,3.91,4.92,4.05,8.63,2.35,4.88,9.08,6.92
201905,-4.81,-5.11,0.28,-3.96,-10.29,1.75,-9.31,-9.15,-4.05,-11.01,-4.86,-1.6,-3.9,-12.91,-9.74,-2.39,-9.31,-5.03,-15.46,-10.79,-11.66,-10.76,-14.42,-8.8,-11.5,2.25,2.98,-10.9,-11.14,-11.91,-1.54,-3.05,-2.41,-5.95,-9.34,-13.29,-7.61,-10.46,-5.03,-9.41,-5.94,-7.03,-2.03,-7.27,0.49,-13.37,-7,-7.67
201906,10.9,4.78,4.17,5.3,1.03,8.36,6.99,8.71,7.14,9.04,10.42,8.98,6.56,3.44,8.78,9.86,11.68,5.88,16.05,3.08,12.31,11.15,13.86,7.19,10.44,7.22,18.53,13.98,3.02,8.91,3.64,5.03,6.24,5.72,6.7,12.29,11.66,8.08,10.11,6.82,7.46,7.17,7.62,6.99,4.24,11.33,6.34,7.44
201907,0.52,2.63,2.93,-2.12,3.37,13.92,-3.79,3.35,4.91,1.74,2.53,1.93,-3.25,0.73,-1.49,-11.01,0.32,-0.07,-2.51,-1.94,0.54,-1.35,0.88,-2.26,1.5,-0.2,-4.17,-2.11,-11.7,-2.64,-0.88,1.86,0.22,3.62,3.26,5.53,-4.6,0.24,1.45,2.27,0.42,0.44,3.18,3.6,2.03,3.51,2.34,-2.57
201908,-1.3,0.27,2.7,6.19,-11.04,4.55,-7.28,-4.47,1.58,-4.98,-5.19,0.85,-0.54,-5.66,-2.85,-5.47,-2.79,3.2,-12.01,-10.89,-6.25,-4.26,-7.98,4.02,-9.77,5.64,9.18,-6.82,-15.02,-8.86,3.55,0.43,-2.13,-2.13,-10.78,-1.93,-1.3,-4.61,1.79,-6.87,-2.34,-0.12,1.34,-4.9,-4.81,-3.73,-3.73,-2.77
201909,-4.12,1.4,-0.52,1.62,1.95,-8.54,-4.09,0.72,1.75,9.14,1.04,-1.08,-0.46,5.6,1.03,7.41,6.18,6.4,7.16,1.45,6.08,4.75,5.74,2.36,4.5,1.2,-5.41,6.63,-8.25,3.79,3.92,1.3,-2.42,-1.04,3.48,4.75,3.66,2.74,-0.96,0.54,5.36,0.96,-2.49,3.68,0.11,2.91,2.48,2.32
201910,-4.58,-2.17,-0.52,-1.04,8.1,8.02,5.52,2.52,-0.72,-2.18,2.49,2.39,5.29,-0.95,1.42,10.62,3.95,1.87,3.56,-2.91,6.25,4.03,7,-3.79,1.72,-3.79,6.5,-0.73,-11.14,-2.06,-1.39,2.23,-3.38,1.94,0.44,7.53,1.5,-0.3,0.82,1.37,2.45,1.65,-4.27,3.72,3.77,2.88,0.81,2.42
201911,-0.67,3.45,-0.19,-0.59,5.52,4.57,6.38,-0.82,-1.28,4.67,8.17,4.21,5.47,3.82,-0.35,-2.24,4.61,2.12,6.13,-4.35,3.11,8.05,3.15,6.17,11.2,5.52,-2.46,6.02,-9.63,1.26,-2.07,1.75,1.24,5.07,-0.12,5.96,4.97,3.6,1.79,2.75,4.41,2.06,2.82,5,6.37,7.84,7.1,4.26
201912,11.14,2.96,3.97,1.38,3.22,-2.43,4.91,3.25,2.65,7.68,3.17,1.46,3.95,1.35,3.07,-3.42,2.36,-2.58,0.71,10.93,3.84,2.16,7.34,-5.31,0.69,-0.31,15.38,8.28,0.5,6.35,3.94,1.23,3.19,1.77,3.62,7.36,3.73,2.74,0.58,-0.24,2.39,1.21,2.59,3.21,2.21,4.66,0.73,2.23
